{"cameraMode":{"drawMode":0,"name":"Shaded","section":"Shading Mode"},"sceneLighting":false,"audioPlay":false,"sceneViewState":{"showFog":true,"showMaterialUpdate":false,"showSkybox":true,"showFlares":true,"showImageEffects":true,"showParticleSystems":true},"in2DMode":false,"pivot":{"x":-0.0017122328281402588,"y":0.011137604713439942,"z":-0.771531343460083},"rotation":{"x":0.7036550641059876,"y":-0.2719355523586273,"z":0.34120723605155947,"w":0.5608015060424805},"size":2.721177339553833,"orthographic":true}