{"cameraMode":{"drawMode":0,"name":"Shaded","section":"Shading Mode"},"sceneLighting":false,"audioPlay":false,"sceneViewState":{"showFog":true,"showMaterialUpdate":false,"showSkybox":true,"showFlares":true,"showImageEffects":true,"showParticleSystems":true},"in2DMode":false,"pivot":{"x":0.0510338619351387,"y":0.2918856143951416,"z":-0.14201276004314423},"rotation":{"x":0.7298418879508972,"y":0.016399679705500604,"z":-0.01751982793211937,"w":0.683194637298584},"size":3.2694437503814699,"orthographic":true}