{"cameraMode":{"drawMode":0,"name":"Shaded","section":"Shading Mode"},"sceneLighting":false,"audioPlay":false,"sceneViewState":{"showFog":true,"showMaterialUpdate":false,"showSkybox":true,"showFlares":true,"showImageEffects":true,"showParticleSystems":true},"in2DMode":false,"pivot":{"x":0.009299736469984055,"y":0.2783251702785492,"z":0.2065211683511734},"rotation":{"x":0.002084126463159919,"y":0.7192983031272888,"z":0.6946948766708374,"w":-0.0021580723114311697},"size":4.427306652069092,"orthographic":true}