{"cameraMode":{"drawMode":0,"name":"Shaded","section":"Shading Mode"},"sceneLighting":true,"audioPlay":false,"sceneViewState":{"showFog":true,"showMaterialUpdate":false,"showSkybox":true,"showFlares":true,"showImageEffects":true,"showParticleSystems":true},"in2DMode":false,"pivot":{"x":-0.08032217621803284,"y":0.045944273471832278,"z":20.006038665771486},"rotation":{"x":-0.6352338790893555,"y":0.3163027763366699,"z":-0.6276566982269287,"w":-0.32012125849723818},"size":2.1533539295196535,"orthographic":true}