{"cameraMode":{"drawMode":0,"name":"Shaded","section":"Shading Mode"},"sceneLighting":false,"audioPlay":false,"sceneViewState":{"showFog":true,"showMaterialUpdate":false,"showSkybox":true,"showFlares":true,"showImageEffects":true,"showParticleSystems":true},"in2DMode":false,"pivot":{"x":-22.77363395690918,"y":-10.509953498840332,"z":5.625026702880859},"rotation":{"x":-0.2723252475261688,"y":0.7169793844223023,"z":-0.37491750717163088,"w":-0.5207844972610474},"size":2.7394659519195558,"orthographic":false}