{"cameraMode":{"drawMode":0,"name":"Shaded","section":"Shading Mode"},"sceneLighting":true,"audioPlay":false,"sceneViewState":{"showFog":true,"showMaterialUpdate":false,"showSkybox":true,"showFlares":true,"showImageEffects":true,"showParticleSystems":true},"in2DMode":false,"pivot":{"x":2.404045343399048,"y":3.4274531657274568e-8,"z":-15.133234024047852},"rotation":{"x":0.4262978732585907,"y":-0.002713741734623909,"z":0.0012788977473974228,"w":0.9045778512954712},"size":22.0,"orthographic":true}