{"cameraMode":{"drawMode":0,"name":"Shaded","section":"Shading Mode"},"sceneLighting":false,"audioPlay":false,"sceneViewState":{"showFog":true,"showMaterialUpdate":false,"showSkybox":true,"showFlares":true,"showImageEffects":true,"showParticleSystems":true},"in2DMode":false,"pivot":{"x":0.0510338619351387,"y":0.2918856143951416,"z":-0.14201276004314423},"rotation":{"x":0.6484503149986267,"y":0.06709069013595581,"z":-0.05753840506076813,"w":0.7561087012290955},"size":3.4152727127075197,"orthographic":true}