{"cameraMode":{"drawMode":0,"name":"Shaded","section":"Shading Mode"},"sceneLighting":false,"audioPlay":false,"sceneViewState":{"showFog":true,"showMaterialUpdate":false,"showSkybox":true,"showFlares":true,"showImageEffects":true,"showParticleSystems":true},"in2DMode":false,"pivot":{"x":0.0,"y":1.1920928955078126e-7,"z":0.28659605979919436},"rotation":{"x":0.6708381175994873,"y":-0.0653345137834549,"z":0.0595247745513916,"w":0.7363181710243225},"size":3.6786065101623537,"orthographic":true}