{"cameraMode":{"drawMode":0,"name":"Shaded","section":"Shading Mode"},"sceneLighting":false,"audioPlay":false,"sceneViewState":{"showFog":true,"showMaterialUpdate":false,"showSkybox":true,"showFlares":true,"showImageEffects":true,"showParticleSystems":true},"in2DMode":false,"pivot":{"x":-2.0024447441101076,"y":0.0,"z":-0.027261018753051759},"rotation":{"x":0.6120210289955139,"y":-0.035554222762584689,"z":0.027559548616409303,"w":0.7895610928535461},"size":11.401193618774414,"orthographic":true}