{"cameraMode":{"drawMode":0,"name":"Shaded","section":"Shading Mode"},"sceneLighting":false,"audioPlay":false,"sceneViewState":{"showFog":true,"showMaterialUpdate":false,"showSkybox":true,"showFlares":true,"showImageEffects":true,"showParticleSystems":true},"in2DMode":false,"pivot":{"x":5.888487339019775,"y":1.0097800493240357,"z":-0.18299299478530885},"rotation":{"x":0.6917292475700378,"y":0.06146124750375748,"z":-0.05928727611899376,"w":0.7170901298522949},"size":1.5332906246185303,"orthographic":true}