{"cameraMode":{"drawMode":0,"name":"Shaded","section":"Shading Mode"},"sceneLighting":false,"audioPlay":false,"sceneViewState":{"showFog":true,"showMaterialUpdate":false,"showSkybox":true,"showFlares":true,"showImageEffects":true,"showParticleSystems":true},"in2DMode":false,"pivot":{"x":5.888871192932129,"y":0.061660587787628177,"z":0.030285269021987916},"rotation":{"x":0.15848499536514283,"y":-0.8196709752082825,"z":0.2711758613586426,"w":0.4790467619895935},"size":1.0006970167160035,"orthographic":true}