{"cameraMode":{"drawMode":0,"name":"Shaded","section":"Shading Mode"},"sceneLighting":false,"audioPlay":false,"sceneViewState":{"showFog":true,"showMaterialUpdate":false,"showSkybox":true,"showFlares":true,"showImageEffects":true,"showParticleSystems":true},"in2DMode":false,"pivot":{"x":0.029993092641234399,"y":2.660921483155221e-9,"z":-7.3175341341880088e-9},"rotation":{"x":-0.27907848358154299,"y":0.33095428347587588,"z":0.10313796997070313,"w":0.895514965057373},"size":22.0,"orthographic":true}