{"cameraMode":{"drawMode":0,"name":"Shaded","section":"Shading Mode"},"sceneLighting":false,"audioPlay":false,"sceneViewState":{"showFog":true,"showMaterialUpdate":false,"showSkybox":true,"showFlares":true,"showImageEffects":true,"showParticleSystems":true},"in2DMode":false,"pivot":{"x":-14.467880249023438,"y":-8.236496925354004,"z":3.8943533897399904},"rotation":{"x":-0.341246634721756,"y":0.6284313201904297,"z":-0.3567432165145874,"w":-0.6011314988136292},"size":0.5174909234046936,"orthographic":false}