{"cameraMode":{"drawMode":0,"name":"Shaded","section":"Shading Mode"},"sceneLighting":true,"audioPlay":false,"sceneViewState":{"showFog":true,"showMaterialUpdate":false,"showSkybox":true,"showFlares":true,"showImageEffects":true,"showParticleSystems":true},"in2DMode":false,"pivot":{"x":1070.719970703125,"y":1344.000244140625,"z":0.0},"rotation":{"x":0.038986559957265857,"y":-0.013489325530827046,"z":-0.0005263506900519133,"w":-0.9991485476493836},"size":2356.01513671875,"orthographic":true}