{"cameraMode":{"drawMode":0,"name":"Shaded","section":"Shading Mode"},"sceneLighting":false,"audioPlay":false,"sceneViewState":{"showFog":true,"showMaterialUpdate":false,"showSkybox":true,"showFlares":true,"showImageEffects":true,"showParticleSystems":true},"in2DMode":false,"pivot":{"x":5.888871192932129,"y":0.061660587787628177,"z":0.030285269021987916},"rotation":{"x":0.402927041053772,"y":-0.5946316123008728,"z":0.4558078348636627,"w":0.5256487131118774},"size":0.48770982027053835,"orthographic":true}