{"cameraMode":{"drawMode":0,"name":"Shaded","section":"Shading Mode"},"sceneLighting":false,"audioPlay":false,"sceneViewState":{"showFog":true,"showMaterialUpdate":false,"showSkybox":true,"showFlares":true,"showImageEffects":true,"showParticleSystems":true},"in2DMode":false,"pivot":{"x":-0.018237054347991945,"y":-0.008821606636047364,"z":-0.005512356758117676},"rotation":{"x":-0.045225147157907489,"y":0.4290160536766052,"z":0.021511970087885858,"w":0.9019075632095337},"size":3.728818893432617,"orthographic":true}