{"cameraMode":{"drawMode":0,"name":"Shaded","section":"Shading Mode"},"sceneLighting":false,"audioPlay":false,"sceneViewState":{"showFog":true,"showMaterialUpdate":false,"showSkybox":true,"showFlares":true,"showImageEffects":true,"showParticleSystems":true},"in2DMode":false,"pivot":{"x":0.0,"y":0.03870631754398346,"z":-0.10471254587173462},"rotation":{"x":0.6084147691726685,"y":-0.1632145345211029,"z":0.12967954576015473,"w":0.7657517194747925},"size":2.30025577545166,"orthographic":true}