{"cameraMode":{"drawMode":0,"name":"Shaded","section":"Shading Mode"},"sceneLighting":false,"audioPlay":false,"sceneViewState":{"showFog":true,"showMaterialUpdate":false,"showSkybox":true,"showFlares":true,"showImageEffects":true,"showParticleSystems":true},"in2DMode":false,"pivot":{"x":0.0,"y":5.960464477539063e-8,"z":0.28659605979919436},"rotation":{"x":0.33513233065605166,"y":-0.6111053824424744,"z":0.3188457787036896,"w":0.6423192024230957},"size":2.3258755207061769,"orthographic":true}