{"cameraMode":{"drawMode":0,"name":"Shaded","section":"Shading Mode"},"sceneLighting":false,"audioPlay":false,"sceneViewState":{"showFog":true,"showMaterialUpdate":false,"showSkybox":true,"showFlares":true,"showImageEffects":true,"showParticleSystems":true},"in2DMode":false,"pivot":{"x":0.0,"y":0.03870631754398346,"z":-0.10471254587173462},"rotation":{"x":0.6854051351547241,"y":-0.016378814354538919,"z":0.015424600802361966,"w":0.7278143167495728},"size":4.268599510192871,"orthographic":true}