{"cameraMode":{"drawMode":0,"name":"Shaded","section":"Shading Mode"},"sceneLighting":false,"audioPlay":false,"sceneViewState":{"showFog":true,"showMaterialUpdate":false,"showSkybox":true,"showFlares":true,"showImageEffects":true,"showParticleSystems":true},"in2DMode":false,"pivot":{"x":-1.869502305984497,"y":0.2500000298023224,"z":-0.02655857801437378},"rotation":{"x":0.6120210289955139,"y":-0.035554222762584689,"z":0.027559548616409303,"w":0.7895610928535461},"size":5.4822869300842289,"orthographic":true}