{"cameraMode":{"drawMode":0,"name":"Shaded","section":"Shading Mode"},"sceneLighting":false,"audioPlay":false,"sceneViewState":{"showFog":true,"showMaterialUpdate":false,"showSkybox":true,"showFlares":true,"showImageEffects":true,"showParticleSystems":true},"in2DMode":false,"pivot":{"x":-0.22855377197265626,"y":-0.23925769329071046,"z":0.07001996040344238},"rotation":{"x":0.6161221861839294,"y":-0.01181275025010109,"z":0.009243588894605637,"w":0.7875078320503235},"size":2.4801712036132814,"orthographic":true}