{"cameraMode":{"drawMode":0,"name":"Shaded","section":"Shading Mode"},"sceneLighting":false,"audioPlay":false,"sceneViewState":{"showFog":true,"showMaterialUpdate":false,"showSkybox":true,"showFlares":true,"showImageEffects":true,"showParticleSystems":true},"in2DMode":false,"pivot":{"x":0.23431396484375,"y":-0.41894519329071047,"z":-0.5774409770965576},"rotation":{"x":0.6614950895309448,"y":-0.07162460684776306,"z":0.06369918584823609,"w":0.7437988519668579},"size":1.789727807044983,"orthographic":true}