{"cameraMode":{"drawMode":0,"name":"Shaded","section":"Shading Mode"},"sceneLighting":false,"audioPlay":false,"sceneViewState":{"showFog":true,"showMaterialUpdate":false,"showSkybox":true,"showFlares":true,"showImageEffects":true,"showParticleSystems":true},"in2DMode":false,"pivot":{"x":-0.018237054347991945,"y":-0.008821606636047364,"z":-0.005512356758117676},"rotation":{"x":-0.27907848358154299,"y":0.33095428347587588,"z":0.10313796997070313,"w":0.895514965057373},"size":3.728818893432617,"orthographic":true}