{"cameraMode":{"drawMode":0,"name":"Shaded","section":"Shading Mode"},"sceneLighting":false,"audioPlay":false,"sceneViewState":{"showFog":true,"showMaterialUpdate":false,"showSkybox":true,"showFlares":true,"showImageEffects":true,"showParticleSystems":true},"in2DMode":false,"pivot":{"x":0.0065059661865234379,"y":0.0,"z":-1.1593462228775025},"rotation":{"x":-0.5499551296234131,"y":0.0004989380831830204,"z":-0.00032788561657071114,"w":-0.8351940512657166},"size":1.5031096935272217,"orthographic":false}