{"cameraMode":{"drawMode":0,"name":"Shaded","section":"Shading Mode"},"sceneLighting":false,"audioPlay":false,"sceneViewState":{"showFog":true,"showMaterialUpdate":false,"showSkybox":true,"showFlares":true,"showImageEffects":true,"showParticleSystems":true},"in2DMode":false,"pivot":{"x":0.0,"y":0.03870631754398346,"z":-0.10471254587173462},"rotation":{"x":0.6756613254547119,"y":-0.006634916644543409,"z":0.006081652361899614,"w":0.7371572852134705},"size":2.4968576431274416,"orthographic":true}