{"cameraMode":{"drawMode":0,"name":"Shaded","section":"Shading Mode"},"sceneLighting":true,"audioPlay":false,"sceneViewState":{"showFog":true,"showMaterialUpdate":false,"showSkybox":true,"showFlares":true,"showImageEffects":true,"showParticleSystems":true},"in2DMode":false,"pivot":{"x":50.377540588378909,"y":-8.940696716308594e-8,"z":-21.051849365234376},"rotation":{"x":0.7329808473587036,"y":0.013261111453175545,"z":-0.014294755645096302,"w":0.679969847202301},"size":88.84700012207031,"orthographic":true}