{"cameraMode":{"drawMode":0,"name":"Shaded","section":"Shading Mode"},"sceneLighting":false,"audioPlay":false,"sceneViewState":{"showFog":true,"showMaterialUpdate":false,"showSkybox":true,"showFlares":true,"showImageEffects":true,"showParticleSystems":true},"in2DMode":false,"pivot":{"x":-0.738771378993988,"y":-0.021896827965974809,"z":-0.5600666999816895},"rotation":{"x":-0.6002447605133057,"y":0.002876963699236512,"z":-0.00215860060416162,"w":-0.7998083233833313},"size":3.517009735107422,"orthographic":false}