{"cameraMode":{"drawMode":0,"name":"Shaded","section":"Shading Mode"},"sceneLighting":false,"audioPlay":false,"sceneViewState":{"showFog":true,"showMaterialUpdate":false,"showSkybox":true,"showFlares":true,"showImageEffects":true,"showParticleSystems":true},"in2DMode":false,"pivot":{"x":0.0,"y":-1.0110670700669289e-7,"z":-11.712397575378418},"rotation":{"x":0.6218791007995606,"y":-0.019963165745139123,"z":0.01586134172976017,"w":0.7826981544494629},"size":5.4430623054504398,"orthographic":true}