{"cameraMode":{"drawMode":0,"name":"Shaded","section":"Shading Mode"},"sceneLighting":false,"audioPlay":false,"sceneViewState":{"showFog":true,"showMaterialUpdate":false,"showSkybox":true,"showFlares":true,"showImageEffects":true,"showParticleSystems":true},"in2DMode":false,"pivot":{"x":0.0,"y":5.960464477539063e-8,"z":0.28659629821777346},"rotation":{"x":0.6633431911468506,"y":0.012345323339104653,"z":-0.010946144349873066,"w":0.7481334805488586},"size":4.5291876792907719,"orthographic":true}